{
    "edges": [
        [
            "estabilidade",
            "riscoRequisitos"
        ],
        [
            "complexidadeReq",
            "riscoRequisitos"
        ]
    ],
    "cpds": {
        "estabilidade": [
            0.0455,
            0.1364,
            0.4545,
            0.3182,
            0.0455
        ],
        "complexidadeReq": [
            0.0,
            0.0455,
            0.6364,
            0.2727,
            0.0455
        ],
        "riscoRequisitos (0=Não, 1=Sim)": [
            [
                0.5005,
                0.5005,
                0.250514,
                0.167134,
                0.5005,
                0.666756,
                0.666756,
                0.41677,
                0.33339,
                0.666756,
                0.749975,
                0.749975,
                0.499989,
                0.416608,
                0.749975,
                0.857151,
                0.857151,
                0.607165,
                0.523784,
                0.857151,
                0.5005,
                0.5005,
                0.250514,
                0.167134,
                0.5005
            ],
            [
                0.4995,
                0.4995,
                0.749486,
                0.832866,
                0.4995,
                0.333244,
                0.333244,
                0.58323,
                0.66661,
                0.333244,
                0.250025,
                0.250025,
                0.500011,
                0.583392,
                0.250025,
                0.142849,
                0.142849,
                0.392835,
                0.476216,
                0.142849,
                0.4995,
                0.4995,
                0.749486,
                0.832866,
                0.4995
            ]
        ]
    }
}