{
    "edges": [
        [
            "organizacao",
            "riscoCultural"
        ],
        [
            "conflito",
            "riscoCultural"
        ]
    ],
    "cpds": {
        "organizacao": [
            0.4091,
            0.0909,
            0.0455,
            0.3182,
            0.1364
        ],
        "conflito": [
            0.3636,
            0.3182,
            0.2273,
            0.0909,
            0.0
        ],
        "riscoCultural (0=Não, 1=Sim)": [
            [
                0.944446,
                0.801597,
                0.944446,
                0.944446,
                0.944446,
                1.0,
                0.857151,
                1.0,
                1.0,
                1.0,
                1.0,
                0.857151,
                1.0,
                1.0,
                1.0,
                1.0,
                0.857151,
                1.0,
                1.0,
                1.0,
                0.833378,
                0.690529,
                0.833378,
                0.833378,
                0.833378
            ],
            [
                0.055554,
                0.198404,
                0.055554,
                0.055554,
                0.055554,
                0.0,
                0.142849,
                0.0,
                0.0,
                0.0,
                0.0,
                0.142849,
                0.0,
                0.0,
                0.0,
                0.0,
                0.142849,
                0.0,
                0.0,
                0.0,
                0.166622,
                0.309471,
                0.166622,
                0.166622,
                0.166622
            ]
        ]
    }
}