{
    "edges": [
        [
            "complexidade",
            "riscoGestao"
        ],
        [
            "tamanhoEquipe",
            "riscoGestao"
        ]
    ],
    "cpds": {
        "complexidade": [
            0.0,
            0.0,
            0.5909,
            0.4091,
            0.0
        ],
        "tamanhoEquipe": [
            0.5,
            0.3182,
            0.0909,
            0.0455,
            0.0455
        ],
        "riscoGestao (0=Não, 1=Sim)": [
            [
                0.772728,
                0.785726,
                0.749975,
                0.5005,
                0.5005,
                0.772728,
                0.785726,
                0.749975,
                0.5005,
                0.5005,
                0.618879,
                0.631878,
                0.596127,
                0.346652,
                0.346652,
                0.383847,
                0.396846,
                0.361094,
                0.111619,
                0.111619,
                0.772728,
                0.785726,
                0.749975,
                0.5005,
                0.5005
            ],
            [
                0.227272,
                0.214274,
                0.250025,
                0.4995,
                0.4995,
                0.227272,
                0.214274,
                0.250025,
                0.4995,
                0.4995,
                0.381121,
                0.368122,
                0.403873,
                0.653348,
                0.653348,
                0.616153,
                0.603154,
                0.638906,
                0.888381,
                0.888381,
                0.227272,
                0.214274,
                0.250025,
                0.4995,
                0.4995
            ]
        ]
    }
}