{
    "edges": [
        [
            "nivelReuso",
            "riscoAplicacao"
        ],
        [
            "nivelInterface",
            "riscoAplicacao"
        ]
    ],
    "cpds": {
        "nivelReuso": [
            0.0,
            0.0909,
            0.2273,
            0.4545,
            0.2273
        ],
        "nivelInterface": [
            0.0,
            0.0909,
            0.3182,
            0.4545,
            0.1364
        ],
        "riscoAplicacao (0=Não, 1=Sim)": [
            [
                1.0,
                1.0,
                0.714303,
                0.69997,
                0.666755,
                0.749976,
                0.749976,
                0.464279,
                0.449946,
                0.416731,
                0.600048,
                0.600048,
                0.314351,
                0.300018,
                0.266803,
                0.79998,
                0.79998,
                0.514282,
                0.49995,
                0.466735,
                0.700036,
                0.700036,
                0.414338,
                0.400006,
                0.366791
            ],
            [
                0.0,
                0.0,
                0.285697,
                0.30003,
                0.333245,
                0.250024,
                0.250024,
                0.535721,
                0.550054,
                0.583269,
                0.399952,
                0.399952,
                0.685649,
                0.699982,
                0.733197,
                0.20002,
                0.20002,
                0.485718,
                0.50005,
                0.533265,
                0.299964,
                0.299964,
                0.585662,
                0.599994,
                0.633209
            ]
        ]
    }
}