{
    "edges": [
        [
            "dependencia",
            "riscoEconomico"
        ],
        [
            "disponibilidade",
            "riscoEconomico"
        ]
    ],
    "cpds": {
        "dependencia": [
            0.4545,
            0.3182,
            0.0909,
            0.0455,
            0.0909
        ],
        "disponibilidade": [
            0.0,
            0.1364,
            0.2727,
            0.4545,
            0.1364
        ],
        "riscoEconomico (0=Não, 1=Sim)": [
            [
                0.849985,
                0.683363,
                0.516618,
                0.69997,
                0.683363,
                0.714303,
                0.547681,
                0.380936,
                0.564288,
                0.547681,
                0.749975,
                0.583353,
                0.416608,
                0.59996,
                0.583353,
                1.0,
                0.833378,
                0.666633,
                0.849985,
                0.833378,
                0.749975,
                0.583353,
                0.416608,
                0.59996,
                0.583353
            ],
            [
                0.150015,
                0.316637,
                0.483382,
                0.30003,
                0.316637,
                0.285697,
                0.452319,
                0.619064,
                0.435713,
                0.452319,
                0.250025,
                0.416647,
                0.583392,
                0.40004,
                0.416647,
                0.0,
                0.166622,
                0.333367,
                0.150015,
                0.166622,
                0.250025,
                0.416647,
                0.583392,
                0.40004,
                0.416647
            ]
        ]
    }
}